nsd_Id,v_coco_id
15628,574343
59787,466838
18704,571950
61596,515854
49358,551631
11460,550237
872,328238
34928,107430
9491,544237
19628,281008
10805,548288
12464,553100
63862,220457
5822,8771
71233,511127
27949,80521
70905,247692
53223,101989
27858,80180
6865,274209
12161,552186
72382,515785
68425,500167
71246,113041
58271,198761
70805,509459
46271,151826
35722,372654
57757,458932
52280,175611
53892,181837
6212,10023
1052,551820
43938,404766
19401,574034
61989,213146
25845,334665
938,262487
9290,281498
66552,492881
9636,20410
7529,276265
35525,371854
11982,572544
11933,354070
7812,439402
23670,326420
3110,436
62961,479035
68021,236461
26164,335824
44526,144965
11729,288852
63148,217653
57543,338501
31120,354736
31927,95676
49040,424960
54444,446093
20450,315025
65822,227928
72315,515513
44631,145335
68797,501677
8532,541529
3172,625
48342,160009
20942,54354
60112,205945
4162,527899
25598,534854
21531,56306
67719,497365
39454,125351
28596,345149
61706,474161
51660,173245
28752,345751
66506,230554
27625,79305
56279,310278
67421,563302
48535,422893
14697,297417
9727,265586
1387,372577
18646,571799
14230,296033
20737,53774
18133,308095
34547,105899
17731,44687
47777,157806
9532,282209
59760,204609
12690,29431
29633,87027
46197,413716
15927,563435
33715,410328
45785,149903
29584,543521
11365,528563
23322,62877
1112,451084
10044,21650
7530,538414
20459,577190
68342,499845
53980,444280
62828,298199
66247,491732
11533,26132
49789,551922
39205,124387
9588,282406
2093,341681
56868,193373
67594,496902
6147,9797
30536,189839
30661,90959
47364,156232
66611,493131
37852,119065
61962,475182
26625,187336
66992,232460
47106,417298
1885,130586
285,82715
59485,415109
6670,273586
3480,525899
38696,122281
29485,348636
15311,561454
50644,431364
41958,397274
53107,26425
37658,380414
71494,512211
36537,113846
2560,482275
18358,308694
21502,580507
38334,383046
13682,556620
64542,223139
33289,101065
8630,279646
41932,397186
34005,439906
45538,149014
21762,581328
1482,463542
48658,161231
59034,463884
417,74860
8643,279697
59355,465199
34672,368521
17795,569196
63198,36303
42696,137838
37298,379004
48176,421452
23267,62657
13457,367673
34385,367429
38514,383746
72463,253964
46956,416705
54684,447130
21416,580235
61341,472659
4999,268313
14153,557965
58854,463242
72840,479466
59012,201685
6051,9514
21391,318001
62465,214972
38393,121154
10658,547830
19427,574116
50842,432169
21778,57086
61678,474024
1508,402118
42071,397678
44682,407689
71164,510798
30155,351240
9263,543570
50476,168583
61782,474465
31837,95336
31922,357808
42878,459991
54116,444817
43724,141785
54246,183166
62555,477471
19571,574537
63224,480075
14744,559730
38466,383564
55974,452060
58812,463070
52784,439770
68205,237233
10004,545812
18042,45626
3050,262414
8033,264758
18870,48130
2628,441491
65251,487876
31197,355051
71555,250301
2228,41990
51932,436456
71100,510559
48617,423202
32817,99218
43235,241762
4087,265550
36150,374368
7466,276064
8171,278258
68910,502107
46689,153572
58723,462676
21527,318444
12162,552188
37503,379734
14861,224420
64059,221252
46206,151594
66933,545696
42832,578780
71203,248831
39119,386116
57141,194456
70799,247285
49133,425324
23263,54130
42266,398423
43951,404823
15703,38426
26761,338077
32281,97097
29427,348400
17019,566771
51984,174504
30154,89095
10177,546352
47544,156910
59698,466561
70811,509471
62446,477066
49702,165464
1920,13546
17666,306619
47540,419050
27068,339283
35893,373318
27385,78429
3605,264179
19164,573284
11404,25777
31360,355660
32689,98721
19492,574282
11272,25358
12755,291752
53957,182048
6289,10265
23570,63906
16575,41135
18379,308759
49992,280437
48323,159948
1951,542776
52175,437373
47294,419212
35193,370591
8682,541949
17153,567208
70509,508328
19449,49884
68965,240147
51528,434930
53848,181658
36661,114392
51852,135585
12535,553285
16633,565571
31783,357228
44503,407017
8847,18090
70375,245691
63237,480160
45837,112409
50741,552561
20353,52603
11458,550221
61549,211370
39677,21029
38222,120441
11945,289444
7151,537211
48522,160694
40280,390581
1842,227399
35433,371532
9948,283524
67276,495651
30525,55385
34638,368370
37365,117121
50410,168335
68752,501515
26217,336015
2051,431693
72665,516846
1215,389197
142,434548
6998,176841
32361,97423
50171,43829
55083,448689
59894,205116
60021,467752
21387,290174
66666,169602
66774,235479
65453,488682
18769,47867
25044,69440
29678,87207
68859,501926
44643,145385
68460,60305
8348,278801
42046,135424
47468,26105
25582,333629
24541,67537
18871,48133
56572,454291
19783,576463
9007,318807
61380,472860
29878,350167
39221,124456
6714,535871
28121,81188
23950,525915
21719,319045
61503,559483
57776,459001
34697,368602
26113,335650
7542,14167
36784,114917
48099,159026
42226,136143
71864,251576
72828,517465
9413,19707
44599,145217
45108,548834
44740,407903
59419,470784
467,148739
55406,449914
23627,326243
39239,386677
68974,502324
3765,2470
33082,100209
13957,33130
57019,373078
50856,432239
69503,242133
27377,340532
70523,246252
56195,452866
22,475191
54412,183843
65856,228071
24656,67975
10007,283678
43697,141673
54956,448211
54740,185201
29792,87680
70731,509161
30997,354298
58478,199555
63380,480726
25024,331507
48531,160735
26141,73584
60063,467875
55523,450359
2334,284991
55500,450282
61361,472772
25667,71759
46124,151237
8314,16556
15037,560632
69826,243482
70671,508896
8670,541918
22651,322518
52868,440092
10002,283659
45767,412001
40645,129897
67470,496407
57479,195768
19029,48595
15355,37325
43678,403743
34442,448694
32226,540439
42851,138436
6661,535706
30820,15257
43349,402410
8604,541727
17282,43305
70519,84731
56907,207013
18292,570678
20123,314050
44822,408288
52330,175825
62545,215291
9009,18554
26608,318396
26661,75607
72683,254753
37948,381544
65404,387250
54281,445425
58075,198017
28784,290846
44123,143348
8466,279197
40575,391748
53296,179584
53787,181475
14527,296906
56588,454359
49417,164292
22957,339595
71110,510594
22435,577893
64645,223550
47414,418569
69057,240448
64377,484599
18452,571149
1251,290248
66231,491665
33955,365687
28167,81387
66092,278224
7807,14960
62819,478433
4294,266160
21074,579060
25949,72888
25579,333615
20511,315249
8088,278001
7780,14892
13248,311007
72244,515241
20914,54277
20677,53601
64134,221593
56922,193540
1377,249180
45134,409496
46738,546320
70746,247082
43869,142346
529,492968
29022,346795
3316,525382
32992,362005
1483,561223
41810,396687
24573,325228
409,256868
